files.file_name	files.data_modality	files.reference_genome	files.determination_data_modality	files.confidence_data_modality	ollama_model	response_time
m84081_230628_194051_s3.hifi_reads.bc1018.bam	genomic	GRCh38	logic	1.0	llama3.2	0.26
IRF2BP1-BGRSLV04-12_Aligned.sortedByCoord.out.bam	genomic	GRCh38	logic	0.5	llama3.2	0.3
RBBP6-BGRSLV06-19_Aligned.sortedByCoord.out.bam	genomic	GRCh38	logic	1.0	llama3.2	0.32
07_20_21_R941_HG02602_1_Guppy_6.5.7_450bps_modbases_5mc_cg_sup_prom_fail.bam	genomic	hg19	logic	1.0	llama3.2	0.32
PPP1CA-BG293LV06-57_Aligned.sortedByCoord.out.bam	genomic	GRCh38	logic	1.0	llama3.2	0.27
LUC7L-BG293LV06-104B_Aligned.sortedByCoord.out.bam	genomic	GRCh38	logic	1.0	llama3.2	0.28
TPD52L2-BG293LV05-70_Aligned.sortedByCoord.out.bam	genomic	GRCh38	logic	1.0	llama3.2	0.25
PRPF40A-BG293LV06-108B_Aligned.sortedByCoord.out.bam	genomic	GRCh38	logic	1.0	llama3.2	0.27
HG006vCHM13_20200921_wm_ONT.sort.bam	genomic	T2T-CHM13	logic	1.0	llama3.2	0.23
07_20_21_R941_HG02602_2_Guppy_6.5.7_450bps_modbases_5mc_cg_sup_prom_pass.bam	genomic	GRCh38	logic	1.0	llama3.2	0.3
SMNDC1-BG293LV06-91B_Aligned.sortedByCoord.out.bam	genomic	GRCh38	logic	0.999	llama3.2	0.3
PRRC2B-BG293LV06-39_Aligned.sortedByCoord.out.bam	genomic	unknown	logic	1.0	llama3.2	0.25
HG002vGRCh38_wm_PBCCS.sort.bam	genomic	GRCh38	logic	1.0	llama3.2	0.25
BL-BGRSLV04-71_Aligned.sortedByCoord.out.bam	genomic	hg19	logic	1.0	llama3.2	0.29
MBNL2-BG293LV05-62_Aligned.sortedByCoord.out.bam	genomic	GRCh38	logic	1.0	llama3.2	0.26
YTHDF1-BG293LV06-63B_Aligned.sortedByCoord.out.bam	genomic	GRCh38	logic	0.99	llama3.2	0.26
CSTF2T-BG293LV06-97B_Aligned.sortedByCoord.out.bam	genomic	GRCh38	logic	1.0	llama3.2	0.26
1_11_23_R941_HG01175_2_Guppy_6.5.7_450bps_modbases_5mc_cg_sup_prom_pass.bam	genomic	GRCh38	logic	1.0	llama3.2	0.32
m54329U_200215_021808.hifi_reads.bam	genomic	GRCh38	logic	1.0	llama3.2	0.28
RNF113A-BGRSDLV03-29_Aligned.sortedByCoord.out.bam	genomic	GRCh38	logic	1.0	llama3.2	0.31
SRP68-BG293LV06-54_Aligned.sortedByCoord.out.bam	genomic	GRCh38	logic	1.0	llama3.2	0.25
m64330e_220902_175209_q9_forDC.bam	genomic	GRCh38	logic	1.0	llama3.2	0.24
ZFP36L1-BGRSLV03-52_Aligned.sortedByCoord.out.bam	genomic	GRCh38	logic	1.0	llama3.2	0.26
HG_HG02723_Guppy_6.1.2_pass.bam	genomic	GRCh38	logic	0.99	llama3.2	0.23
HG003vCHM13_20200921_wm_PBCCS.sort.bam	genomic	T2T-CHM13	logic	1.0	llama3.2	0.24
HNRNPH2-BG293LV05-41_Aligned.sortedByCoord.out.bam	genomic	GRCh38	logic	1.0	llama3.2	0.33
m84091_230905_205913_s4.fail_reads.unassigned.bam	genomic	GRCh38	logic	1.0	llama3.2	0.27
HG02723vCHM13_20200921_wm_PBCCS.sort.bam	genomic	T2T-CHM13	logic	1.0	llama3.2	0.25
m84046_230630_233157_s3.bc2052--bc2052.bam	genomic	GRCh38	logic	1.0	llama3.2	0.27
m64043_200316_214923.ccs.bam	genomic	GRCh38	logic	1.0	llama3.2	0.26
ZNF473-BGRSDTLV02-91doxtot_Aligned.sortedByCoord.out.bam	genomic	unknown	logic	0.0	llama3.2	0.34
HG01243vGRCh38_wm_PBCCS.sort.bam	genomic	GRCh38	logic	1.0	llama3.2	0.24
CISD1-BGRSLV03-11_Aligned.sortedByCoord.out.bam	genomic	unknown	logic	0.0	llama3.2	0.28
m84081_231222_081401_s1.fail_reads.bc2026.bam	genomic	GRCh38	logic	0.95	llama3.2	0.25
U2AF1-BGRSDLV04-8dox_Aligned.sortedByCoord.out.bam	genomic	GRCh38	logic	1.0	llama3.2	0.27
HG03492vGRCh38_wm_PBCCS.sort.bam	genomic	GRCh38			llama3.2	0.24
HG02055vCHM13_20200921_wm_PBCCS.sort.bam	genomic	T2T-CHM13	logic	1.0	llama3.2	0.29
HG01109vCHM13_20200921_wm_PBCCS.sort.bam	genomic	T2T-CHM13	logic	1.0	llama3.2	0.26
HG02723_R10_638.bam	genomic	GRCh38	logic	1.0	llama3.2	0.23
HG00621.paternal.GRCh38_no_alt.bam	genomic	GRCh38	logic	1.0	llama3.2	0.27
ZC3HAV1-BG293LV06-35_Aligned.sortedByCoord.out.bam	genomic	GRCh38	logic	0.98	llama3.2	0.25
HG02080vGRCh38_wm_PBCCS.sort.bam	genomic	GRCh38	logic	1.0	llama3.2	0.24
G2E3-BGRSDLV02-27dox_Aligned.sortedByCoord.out.bam	genomic	GRCh38	logic	1.0	llama3.2	0.25
m64055_210512_103416.hifi_reads.bam	genomic	GRCh38	logic	1.0	llama3.2	0.23
NT-BGRSLV02-1_Aligned.sortedByCoord.out.bam	genomic	GRCh38	logic	0.99	llama3.2	0.27
ZNF706-BGRSDLV04-80dox_Aligned.sortedByCoord.out.bam	genomic	hg19	logic	1.0	llama3.2	0.25
NR5A2-BGRSLV03-39_Aligned.sortedByCoord.out.bam	genomic	GRCh38	logic	1.0	llama3.2	0.28
HG006vCHM13_20200921_wm_PBCCS.sort.bam	genomic	T2T-CHM13	logic	1.0	llama3.2	0.25
m54329U_211208_005551-bc1008.5mc.hifi_reads.bam	genomic	GRCh38	logic	1.0	llama3.2	0.3
CDCA7-BGRSLV03-10_Aligned.sortedByCoord.out.bam	genomic	GRCh38	logic	1.0	llama3.2	0.28
HG03516.f1_assembly_v2.hap1.bam	genomic	GRCh38	logic	1.0	llama3.2	0.25
TRNAU1AP-BG293LV03-26_Aligned.sortedByCoord.out.bam	genomic	GRCh38	logic	0.999	llama3.2	0.21
m84091_230905_202807_s3.fail_reads.bc1015.bam	genomic	GRCh38	logic	1.0	llama3.2	0.26
ZMAT5-BGRSDLV02-66_Aligned.sortedByCoord.out.bam	genomic	GRCh38	logic	1.0	llama3.2	0.35
HG005vGRCh38_wm_ONT.sort.bam	genomic	GRCh38	logic	1.0	llama3.2	0.23
GM24385_R10_638.bam	genomic	GRCh38	logic	0.5	llama3.2	0.29
USP44-BGRSLV04-63_Aligned.sortedByCoord.out.bam	genomic	unknown	logic	1.0	llama3.2	0.29
NT-BG293LV06-2B_Aligned.sortedByCoord.out.bam	genomic	GRCh38	logic	1.0	llama3.2	0.25
UBR7-BGRSLV04-61_Aligned.sortedByCoord.out.bam	genomic	GRCh38	logic	1.0	llama3.2	0.24
07_13_21_R941_HG02074_1_Guppy_6.4.6_450bps_modbases_5mc_cg_sup_prom_pass.bam	genomic	GRCh38	logic	1.0	llama3.2	0.34
ZFP37-BGRSLV02-38_Aligned.sortedByCoord.out.bam	genomic	GRCh38	logic	1.0	llama3.2	0.28
TUT1-BGRSLV06-48_Aligned.sortedByCoord.out.bam	genomic	GRCh38	logic	0.99	llama3.2	0.27
HG00733_R10_reseq.638.bam	genomic	GRCh38	logic		llama3.2	0.24
HG02723vGRCh38_wm_PBCCS.sort.bam	genomic	GRCh38	logic	1.0	llama3.2	0.29
ZNF22-BGRSLV02-35_Aligned.sortedByCoord.out.bam	genomic	GRCh38	logic	1.0	llama3.2	0.24
MBNL2-BG293LV06-14_Aligned.sortedByCoord.out.bam	genomic	GRCh38	logic	1.0	llama3.2	0.27
TOB2-BG293LV06-117B_Aligned.sortedByCoord.out.bam	genomic	GRCh38	logic	1.0	llama3.2	0.26
NT-BG293LV06-1Bmerged_Aligned.sortedByCoord.out.bam	genomic	GRCh38	logic	0.96	llama3.2	0.28
EIF4H-BG293LV06-93B_Aligned.sortedByCoord.out.bam	genomic	GRCh38	logic	1.0	llama3.2	0.27
08_25_21_R941_HG01981_2_Guppy_6.4.6_450bps_modbases_5mc_cg_sup_prom_pass.bam	genomic	GRCh38	logic	1.0	llama3.2	0.31
HG007vGRCh38_wm_PBCCS.sort.bam	genomic	GRCh38	logic	1.0	llama3.2	0.24
NUDT21-BG293LV04-40_Aligned.sortedByCoord.out.bam	genomic	unknown			llama3.2	0.29
HG006vGRCh38_wm_PBCCS.sort.bam	genomic	GRCh38	logic	1.0	llama3.2	0.22
ZMAT3-BG293LV06-80B_Aligned.sortedByCoord.out.bam	genomic	GRCh38	logic	1.0	llama3.2	0.3
ZNF593-BGRSDLV04-68dox_Aligned.sortedByCoord.out.bam	genomic	GRCh38	logic	1.0	llama3.2	0.27
NT-BG293LV06-73_Aligned.sortedByCoord.out.bam	genomic	GRCh38	logic	1.0	llama3.2	0.25
HG00733vCHM13_20200921_wm_ONT.sort.bam	genomic	T2T-CHM13	logic	1.0	llama3.2	0.34
YTHDF1-BG293LV05-26_Aligned.sortedByCoord.out.bam	genomic	GRCh38	logic	1.0	llama3.2	0.28
m84091_230802_183430_s4.fail_reads.unassigned.bam	genomic	GRCh38	logic	0.9999999999999999	llama3.2	0.23
CNOT4-BGRSDLV03-5_Aligned.sortedByCoord.out.bam	genomic	GRCh38	logic	1.0	llama3.2	0.27
HG03579_3_Guppy_6.5.7_450bps_modbases_5mc_cg_sup_prom_pass.bam	genomic	GRCh38	logic	1.0	llama3.2	0.37
HG004vCHM13_20200921_wm_PBCCS.sort.bam	genomic	T2T-CHM13	logic	1.0	llama3.2	0.25
HG02622_1_Guppy_6.5.7_450bps_modbases_5mc_cg_sup_prom_pass.bam	genomic	GRCh38	logic	1.0	llama3.2	0.28
HG03098vCHM13_20200921_wm_ONT.sort.bam	genomic	T2T-CHM13	logic	1.0	llama3.2	0.25
HG_HG733C_Guppy_6.1.2_pass.bam	genomic	GRCh38	logic	0.0	llama3.2	0.23
HG02080vCHM13_20200921_wm_ONT.sort.bam	genomic	T2T-CHM13	logic	1.0	llama3.2	0.23
HG007vCHM13_20200921_wm_ONT.sort.bam	genomic	T2T-CHM13	logic	1.0	llama3.2	0.25
HNRNPCL1-BG293LV04-33_Aligned.sortedByCoord.out.bam	genomic	GRCh38	logic	1.0	llama3.2	0.26
m64330e_220819_173115.hifi_reads.bam	genomic	GRCh38	logic	1.0	llama3.2	0.25
m54306Ue_220922_132103.hifi_reads.bam	genomic	GRCh38	logic	1.0	llama3.2	0.23
HG02257.maternal.ont.bam	genomic	GRCh38	logic	1.0	llama3.2	0.2
HG004vGRCh38_wm_ONT.sort.bam	genomic	GRCh38	logic	1.0	llama3.2	0.26
RBM10-BG293LV06-20_Aligned.sortedByCoord.out.bam	genomic	GRCh38	logic	1.0	llama3.2	0.26
HG002vGRCh38_wm_ONT.sort.bam	genomic	GRCh38	logic	1.0	llama3.2	0.24
FUS-BGRSDLV03-20dox_Aligned.sortedByCoord.out.bam	genomic	GRCh38	logic	1.0	llama3.2	0.24
HG002vCHM13_20200921_wm_PBCCS.sort.bam	genomic	T2T-CHM13	logic	1.0	llama3.2	0.23
RNPS1-BG293LV06-10_Aligned.sortedByCoord.out.bam	genomic	GRCh38	logic	0.999	llama3.2	0.25
HG01442vGRCh38_wm_PBCCS.sort.bam	genomic	GRCh38	logic	1.0	llama3.2	0.26
RNF150-BGRSLV05-7_Aligned.sortedByCoord.out.bam	genomic	unknown	logic	0.5	llama3.2	0.27
08_25_21_R941_HG01981_2_Guppy_6.4.6_450bps_modbases_5mc_cg_sup_prom_fail.bam	genomic	GRCh38	logic	1.0	llama3.2	0.32
ZNF800-BGRSLV02-42_Aligned.sortedByCoord.out.bam	genomic	GRCh38	logic	1.0	llama3.2	0.28
m84091_230905_192642_s1.hifi_reads.bc1015.bam	genomic	GRCh38	logic	0.0	llama3.2	0.32
HG02080vGRCh38_wm_ONT.sort.bam	genomic	GRCh38	logic	1.0	llama3.2	0.22
PPP1CA-BG293LV06-58_Aligned.sortedByCoord.out.bam	genomic	GRCh38	logic	0.0	llama3.2	0.26
02_08_22_R941_HG01252_2_Guppy_6.5.7_450bps_modbases_5mc_cg_sup_prom_fail.bam	genomic	hg19	logic	1.0	llama3.2	0.33
HG02818.f1_assembly_v2.hap1.bam	genomic	GRCh38	logic	0.999	llama3.2	0.25
LSM1-BG293LV05-22_Aligned.sortedByCoord.out.bam	genomic	GRCh38	logic	0.995	llama3.2	0.25
FUBP1-BG293LV06-99B_Aligned.sortedByCoord.out.bam	genomic	GRCh38	logic	0.999	llama3.2	0.37
07_27_21_R941_HG00408_3_Guppy_6.5.7_450bps_modbases_5mc_cg_sup_prom_pass.bam	genomic	unknown	logic	1.0	llama3.2	0.32
HG03492vCHM13_20200921_wm_PBCCS.sort.bam	genomic	T2T-CHM13	logic	1.0	llama3.2	0.28
ZNF770-BGRSLV08-50_Aligned.sortedByCoord.out.bam	genomic	unknown	logic	0.0	llama3.2	0.29
RBM14-BG293LV06-29_Aligned.sortedByCoord.out.bam	genomic	GRCh38	logic	1.0	llama3.2	0.26
HG005vCHM13_20200921_wm_ONT.sort.bam	genomic	T2T-CHM13	logic	1.0	llama3.2	0.28
RNPS1-BG293LV03-11_Aligned.sortedByCoord.out.bam	genomic	GRCh38	logic	1.0	llama3.2	4.76
HG01109vCHM13_20200921_wm_ONT.sort.bam	genomic	T2T-CHM13	logic	1.0	llama3.2	0.23
m64043_200412_040054.ccs.bam	genomic	GRCh38	logic	1.0	llama3.2	0.24
BRCA1-BGRSDLV02-10_Aligned.sortedByCoord.out.bam	genomic	GRCh38	logic	0.999	llama3.2	0.26
RNF26-BGRSLV06-31_Aligned.sortedByCoord.out.bam	genomic	GRCh38	logic	1.0	llama3.2	0.39
ZC3HC1-BGRSLV04-66_Aligned.sortedByCoord.out.bam	genomic	unknown	logic	0.0	llama3.2	0.27
r54329U_20211215_223817_A01_q9_forDC.bam	genomic	GRCh38	logic	1.0	llama3.2	0.33
HG007vCHM13_20200921_wm_PBCCS.sort.bam	genomic	T2T-CHM13	logic	1.0	llama3.2	0.26
ZCCHC9-BGRSLV05-51_Aligned.sortedByCoord.out.bam	genomic	hg19	logic	1.0	llama3.2	0.27
CPSF6-BG293LV05-4_Aligned.sortedByCoord.out.bam	genomic	GRCh38	logic	1.0	llama3.2	0.29
CPSF4-BGRSLV03-18_Aligned.sortedByCoord.out.bam	genomic	GRCh38	logic	1.0	llama3.2	0.27
HNRNPF-BG293LV05-7_Aligned.sortedByCoord.out.bam	genomic	GRCh38	logic	1.0	llama3.2	0.25
HG02145vCHM13_20200921_wm_PBCCS.sort.bam	genomic	T2T-CHM13	logic	1.0	llama3.2	0.26
ZCRB1-BGRSLV05-56_Aligned.sortedByCoord.out.bam	genomic	unknown	logic	1.0	llama3.2	0.25
HG004vCHM13_20200921_wm_ONT.sort.bam	genomic	T2T-CHM13	logic	1.0	llama3.2	0.44
TRNAU1AP-BG293LV03-25_Aligned.sortedByCoord.out.bam	genomic	hg19	logic	1.0	llama3.2	0.28
UBE2I-BG293LV03-28_Aligned.sortedByCoord.out.bam	genomic	GRCh38	logic	1.0	llama3.2	0.25
HG0733vCHM13_20200921_wm_PBCCS.sort.bam	genomic	T2T-CHM13	logic	1.0	llama3.2	0.31
m84046_230711_230656_s2.hifi_reads.bc2062.bam	genomic	GRCh38	logic	1.0	llama3.2	0.26
HG03492vCHM13_20200921_wm_ONT.sort.bam	genomic	T2T-CHM13	logic	1.0	llama3.2	0.27
HG003vCHM13_20200921_wm_ONT.sort.bam	genomic	T2T-CHM13	logic	1.0	llama3.2	0.24
HG_GM24385_Guppy_6.1.2_pass.bam	genomic	GRCh38	logic	1.0	llama3.2	0.25
07_27_21_R941_HG04115_2_Guppy_6.5.7_450bps_modbases_5mc_cg_sup_prom_pass.bam	genomic	GRCh38	logic	1.0	llama3.2	0.31
m64076_221001_041132-bc1012.5mc.hifi_reads.bam	genomic	GRCh38	logic	1.0	llama3.2	0.28
CPSF4-BGRSLV03-17_Aligned.sortedByCoord.out.bam	genomic	GRCh38	logic	1.0	llama3.2	0.25
HG03098vCHM13_20200921_wm_PBCCS.sort.bam	genomic	T2T-CHM13	logic	1.0	llama3.2	0.24
STAU2-BG293LV06-81B_Aligned.sortedByCoord.out.bam	genomic	GRCh38	logic	1.0	llama3.2	0.29
HG02622_aligned_GRCh38_winnowmap.sorted.bam	genomic	GRCh38	logic	1.0	llama3.2	0.23
RYBP-BGRSLV06-36_Aligned.sortedByCoord.out.bam	genomic	unknown	logic	1.0	llama3.2	0.28
HG00621.f1_assembly_v2.hap1.bam	genomic	GRCh38	logic	0.99	llama3.2	0.23
RNF31-BGRSLV07-21_Aligned.sortedByCoord.out.bam	genomic	GRCh38	logic	1.0	llama3.2	0.27
CNBP-BGRSLV03-15_Aligned.sortedByCoord.out.bam	genomic	GRCh38	logic	1.0	llama3.2	0.25
HG003vGRCh38_wm_PBCCS.sort.bam	genomic	GRCh38	logic	1.0	llama3.2	0.22
